topic_name,ai_papers,total_papers,ai_ratio
Biodiversity & Species Discovery,4,386,0.010362694300518135
Biomedical Experiments & Genetics,100,5431,0.018412815319462345
COVID-19 & Vaccine Research,13,407,0.03194103194103194
Cancer Biology & Drug Discovery,7,1428,0.004901960784313725
Catalysis & CO2 Conversion,10,864,0.011574074074074073
Clinical Patient Studies,113,2413,0.04682967260671363
Education & Social/Public Health,89,2607,0.03413885692366705
Machine Learning & Modeling,577,2673,0.21586232697343807
Materials Science & Adsorption,14,2869,0.004879749041477867
Particle Physics (LHC),19,473,0.040169133192389
