year,Biodiversity & Species Discovery,Biomedical Experiments & Genetics,COVID-19 & Vaccine Research,Cancer Biology & Drug Discovery,Catalysis & CO2 Conversion,Clinical Patient Studies,Education & Social/Public Health,Machine Learning & Modeling,Materials Science & Adsorption,Particle Physics (LHC)
2018,52,780,1,188,118,306,316,370,423,132
2019,53,831,0,205,122,366,387,482,428,110
2020,66,880,46,226,153,406,460,461,505,84
2021,66,1036,106,290,183,505,486,442,515,63
2022,91,1153,163,295,172,476,578,542,578,56
2023,58,751,91,224,116,354,380,376,420,28
